{
  "ext/controller/ObjectPageExtension.controller.js": 1729775000528,
  "Component.js": 1729599801942,
  "i18n/i18n.properties": 1729626048575,
  "manifest.json": 1729775803900,
  "ext/customController/CustomController.js": 1729627153638,
  "ext/controller/ObjectPageExtension-dbg.controller.js": 1729775000528,
  "ext/controller/ObjectPageExtension.controller.js.map": 1729775804031,
  "Component-dbg.js": 1729599801942,
  "Component.js.map": 1729775804018,
  "ext/customController/CustomController-dbg.js": 1729627153638,
  "ext/customController/CustomController.js.map": 1729775804018,
  "Component-preload.js": 1729775804089,
  "Component-preload.js.map": 1729775804089,
  "styles/styles.css": 1729690387368,
  "index.html": 1729599801942
}