{
  "ext/formatter.js": 1738174843056,
  "manifest.json": 1739962846283,
  "i18n/i18n.properties": 1734966802863,
  "controller/marineworkbook.controller.js": 1739962089434,
  "controller/App.controller.js": 1734966802863,
  "model/models.js": 1734966802863,
  "Component.js": 1739959700006,
  "Component-dbg.js": 1739959700006,
  "Component.js.map": 1739962846517,
  "controller/marineworkbook-dbg.controller.js": 1739962089434,
  "controller/marineworkbook.controller.js.map": 1739962846621,
  "controller/App-dbg.controller.js": 1734966802863,
  "controller/App.controller.js.map": 1739962846516,
  "model/models-dbg.js": 1734966802863,
  "model/models.js.map": 1739962846500,
  "ext/formatter-dbg.js": 1738174843056,
  "ext/formatter.js.map": 1739962846516,
  "Component-preload.js": 1739962846776,
  "Component-preload.js.map": 1739962846776,
  "view/fragment/marineSmartTable.fragment.xml": 1739961897425,
  "view/fragment/cargoDestinationPopover.fragment.xml": 1735816105527,
  "view/marineworkbook.view.xml": 1738655819929,
  "view/App.view.xml": 1734966802863,
  "css/style.css": 1735566236207,
  "index.html": 1734966802863
}