{
  "_version": "3.0.0",
  "identification": {
    "title": "zmscwb",
    "id": "zmscwb-flp",
    "entityType": "bundle"
  },
  "payload": {
    "catalogs": [
      {
        "_version": "3.0.0",
        "identification": {
          "id": "zmscwb-catalog",
          "title": "{{title}}",
          "entityType": "catalog",
          "i18n": "i18n/catalog.properties"
        },
        "payload": {
          "viz": [
          ]
        }
      }
    ],
    "groups": [
      {
        "_version": "3.0.0",
        "identification": {
          "id": "zmscwb-group",
          "title": "{{title}}",
          "entityType": "group",
          "i18n": "i18n/group.properties"
        },
        "payload": {
          "viz": [
          ]
        }
      }
    ],
    "sites": [
      {
        "_version": "3.0.0",
        "identification": {
          "id": "zmscwb-site",
          "entityType": "site",
          "title": "zmscwb",
          "description": "A simple CAP project."
        },
        "payload": {
          "config": {
            "ushellConfig": {
              "renderers": {
                "fiori2": {
                  "componentData": {
                    "config": {
                      "applications": {
                        "Shell-home": {}
                      },
                      "enableSearch": true,
                      "enablePersonalization": true,
                      "enableSetTheme": true,
                      "enableSetLanguage": true
                    }
                  }
                }
              }
            }
          },
          "groupsOrder": ["zmscwb-group"],
          "sap.cloud.portal": {
            "config": {
              "theme.id": "sap_horizon",
              "theme.active": [
                "sap_horizon",
                "sap_horizon_dark",
                "sap_horizon_hcw",
                "sap_horizon_hcb"
              ]
            }
          }
        }
      }
    ]
  }
}
